{"cameraMode":{"drawMode":0,"name":"Shaded","section":"Shading Mode"},"sceneLighting":false,"audioPlay":false,"sceneViewState":{"m_AlwaysRefresh":false,"showFog":true,"showSkybox":false,"showFlares":true,"showImageEffects":true,"showParticleSystems":true,"showVisualEffectGraphs":true,"m_FxEnabled":true},"in2DMode":false,"pivot":{"x":1.0394704341888428,"y":1.1347805261611939,"z":-0.4514579772949219},"rotation":{"x":0.011346102692186833,"y":-0.983180046081543,"z":0.17009535431861878,"w":0.06558318436145783},"size":1.6630128622055054,"orthographic":false}