{"cameraMode":{"drawMode":0,"name":"Shaded","section":"Shading Mode"},"sceneLighting":false,"audioPlay":false,"sceneViewState":{"m_AlwaysRefresh":false,"showFog":true,"showSkybox":false,"showFlares":true,"showImageEffects":true,"showParticleSystems":true,"showVisualEffectGraphs":true,"m_FxEnabled":true},"in2DMode":false,"pivot":{"x":1.9170007705688477,"y":1.078450083732605,"z":1.2958958148956299},"rotation":{"x":-0.013779740780591965,"y":0.9846168756484985,"z":-0.1482042819261551,"w":-0.09153997898101807},"size":3.870375871658325,"orthographic":true}