{"cameraMode":{"drawMode":0,"name":"Shaded","section":"Shading Mode"},"sceneLighting":false,"audioPlay":false,"sceneViewState":{"m_AlwaysRefresh":false,"showFog":true,"showSkybox":false,"showFlares":true,"showImageEffects":true,"showParticleSystems":true,"showVisualEffectGraphs":true,"m_FxEnabled":true},"in2DMode":false,"pivot":{"x":0.15125751495361329,"y":1.4137423038482667,"z":0.8993810415267944},"rotation":{"x":0.13753525912761689,"y":0.7295898199081421,"z":-0.15390487015247346,"w":0.6519996523857117},"size":4.65333890914917,"orthographic":true}