{"cameraMode":{"drawMode":0,"name":"Shaded","section":"Shading Mode"},"sceneLighting":false,"audioPlay":false,"sceneViewState":{"m_AlwaysRefresh":false,"showFog":true,"showSkybox":false,"showFlares":true,"showImageEffects":true,"showParticleSystems":true,"showVisualEffectGraphs":true,"m_FxEnabled":true},"in2DMode":false,"pivot":{"x":0.15125751495361329,"y":1.4137423038482667,"z":0.8993810415267944},"rotation":{"x":0.0042019737884402279,"y":0.9770199060440064,"z":-0.21222931146621705,"w":0.019343741238117219},"size":4.261201858520508,"orthographic":true}