{"cameraMode":{"drawMode":0,"name":"Shaded","section":"Shading Mode"},"sceneLighting":true,"audioPlay":false,"sceneViewState":{"m_AlwaysRefresh":false,"showFog":true,"showSkybox":true,"showFlares":true,"showImageEffects":true,"showParticleSystems":true,"showVisualEffectGraphs":true,"m_FxEnabled":true},"in2DMode":false,"pivot":{"x":-4.876039981842041,"y":1.5613291263580323,"z":1.6055035591125489},"rotation":{"x":0.03181171789765358,"y":-0.952682375907898,"z":0.28283536434173586,"w":0.1069309338927269},"size":3.1899752616882326,"orthographic":false}