{"cameraMode":{"drawMode":0,"name":"Shaded","section":"Shading Mode"},"sceneLighting":false,"audioPlay":false,"sceneViewState":{"m_AlwaysRefresh":false,"showFog":true,"showSkybox":false,"showFlares":true,"showImageEffects":true,"showParticleSystems":true,"showVisualEffectGraphs":true,"m_FxEnabled":true},"in2DMode":false,"pivot":{"x":0.0005241632461547852,"y":1.0049986839294434,"z":-0.4016155004501343},"rotation":{"x":0.25551512837409975,"y":0.29569053649902346,"z":-0.0824114978313446,"w":0.9167881011962891},"size":1.4056344032287598,"orthographic":false}