{"cameraMode":{"drawMode":0,"name":"Shaded","section":"Shading Mode"},"sceneLighting":false,"audioPlay":false,"sceneViewState":{"m_AlwaysRefresh":false,"showFog":true,"showSkybox":false,"showFlares":true,"showImageEffects":true,"showParticleSystems":true,"showVisualEffectGraphs":true,"m_FxEnabled":true},"in2DMode":false,"pivot":{"x":0.08051413297653198,"y":0.723314642906189,"z":0.03925740718841553},"rotation":{"x":0.05671142041683197,"y":-0.9432849287986755,"z":0.22964783012866975,"w":0.2329447716474533},"size":1.6630128622055054,"orthographic":false}