{"cameraMode":{"drawMode":0,"name":"Shaded","section":"Shading Mode"},"sceneLighting":false,"audioPlay":false,"sceneViewState":{"m_AlwaysRefresh":false,"showFog":true,"showSkybox":false,"showFlares":true,"showImageEffects":true,"showParticleSystems":true,"showVisualEffectGraphs":true,"m_FxEnabled":true},"in2DMode":false,"pivot":{"x":2.6999998092651369,"y":1.501407504081726,"z":-0.06652268767356873},"rotation":{"x":0.0042019737884402279,"y":0.9770199060440064,"z":-0.21222931146621705,"w":0.019343741238117219},"size":4.215904235839844,"orthographic":true}